Titulo,Descriçao,Categoria
KMP 0101,"<h2 class=""product_title entry-title show-product-nav"">KMP 0101</h2>
\n<div class=""product-nav"">
\n<div class=""product-next"">É fabricando com materiais de alta qualidade, dentro normas da ABNT (<strong>NBR 16.071/21)</strong> de qualidade e segurança. Isto faz com que este Playground Infantil seja um produto de excelente custo benefício pois, além de durável devido a ótimos materiais empregados a ele, este mantém a integridade física da criança por atender normas de segurança. Recomendado para crianças de 03 a 12 anos.</div>
\n</div>
\n<div class=""description woocommerce-product-details__short-description"">
\n<table style=""text-align: left;"" border=""1"" cellpadding=""10"">
\n<tbody>
\n<tr>
\n<th style=""text-align: left;"">Tamanho do Brinquedo</th>
\n<td style=""text-align: left;"">5m x 5m</td>
\n</tr>
\n<tr>
\n<th style=""text-align: left;"">Área Necessária C/ Circulação</th>
\n<td style=""text-align: left;"">8,5 x 8m = 68m²</td>
\n</tr>
\n<tr>
\n<th style=""text-align: left;"">Cubagem</th>
\n<td style=""text-align: left;"">4,23m³</td>
\n</tr>
\n<tr>
\n<th style=""text-align: left;"">Peso</th>
\n<td style=""text-align: left;"">241,28 KG</td>
\n</tr>
\n<tr>
\n<th style=""text-align: left;"">Altura da Torre</th>
\n<td style=""text-align: left;"">1,20m</td>
\n</tr>
\n<tr>
\n<th style=""text-align: left;"">Norma</th>
\n<td style=""text-align: left;"">NBR 16.071/21</td>
\n</tr>
\n<tr>
\n<th style=""text-align: left;"">Idade Recomendada</th>
\n<td style=""text-align: left;"">Para maiores de 03 Anos até 12 Anos</td>
\n</tr>
\n</tbody>
\n</table>
\n</div>",Playgrounds Completos
KMP 0102,"<h2 class=""product_title entry-title show-product-nav"">KMP 0102</h2>
\n<div class=""description woocommerce-product-details__short-description"">
\n
\nÉ fabricando com materiais de alta qualidade, dentro normas da ABNT (<strong>NBR 16.071/21)</strong> de qualidade e segurança. Isto faz com que este Playground Infantil seja um produto de excelente custo benefício pois, além de durável devido a ótimos materiais empregados a ele, este mantém a integridade física da criança por atender normas de segurança. Recomendado para crianças de  03 a 12 anos.
\n<div>
\n<table style=""text-align: left;"" border=""1"" cellpadding=""10"">
\n<tbody>
\n<tr>
\n<th style=""text-align: left;"">Tamanho do Brinquedo</th>
\n<td style=""text-align: left;"">5m x 4,5m</td>
\n</tr>
\n<tr>
\n<th style=""text-align: left;"">Área Necessária C/ Circulação</th>
\n<td style=""text-align: left;"">6 x 10m - 60m²</td>
\n</tr>
\n<tr>
\n<th style=""text-align: left;"">Cubagem</th>
\n<td style=""text-align: left;"">5,43m³</td>
\n</tr>
\n<tr>
\n<th style=""text-align: left;"">Peso</th>
\n<td style=""text-align: left;"">282,28 KG</td>
\n</tr>
\n<tr>
\n<th style=""text-align: left;"">Altura da Torre</th>
\n<td style=""text-align: left;"">1,20m</td>
\n</tr>
\n<tr>
\n<th style=""text-align: left;"">Norma</th>
\n<td style=""text-align: left;"">NBR 16.071/21</td>
\n</tr>
\n<tr>
\n<th style=""text-align: left;"">Idade Recomendada</th>
\n<td style=""text-align: left;"">Para maiores de 03 Anos até 12 Anos</td>
\n</tr>
\n</tbody>
\n</table>
\n</div>
\n</div>",Playgrounds Completos
KMP 0201,"<h2 class=""product_title entry-title show-product-nav"">KMP 0201</h2>
\n<div class=""product-nav"">
\n<div class=""product-prev""></div>
\n<div class=""product-next""></div>
\n</div>
\n<div class=""description woocommerce-product-details__short-description"">É fabricando com materiais de alta qualidade, dentro normas da ABNT (<strong>NBR 16.071/21)</strong> de qualidade e segurança. Isto faz com que este Playground Infantil seja um produto de excelente custo benefício pois, além de durável devido a ótimos materiais empregados a ele, este mantém a integridade física da criança por atender normas de segurança. Recomendado para crianças de  03 a 12 anos.</div>
\n<div>
\n<table style=""text-align: left;"" border=""1"" cellpadding=""10"">
\n<tbody>
\n<tr>
\n<th style=""text-align: left;"">Tamanho do Brinquedo</th>
\n<td style=""text-align: left;"">6m x 6m</td>
\n</tr>
\n<tr>
\n<th style=""text-align: left;"">Área Necessária C/ Circulação</th>
\n<td style=""text-align: left;"">9,5 x 8,5m = 81m²</td>
\n</tr>
\n<tr>
\n<th style=""text-align: left;"">Cubagem</th>
\n<td style=""text-align: left;"">8,08m³</td>
\n</tr>
\n<tr>
\n<th style=""text-align: left;"">Peso</th>
\n<td style=""text-align: left;"">428,52 KG</td>
\n</tr>
\n<tr>
\n<th style=""text-align: left;"">Altura da Torre</th>
\n<td style=""text-align: left;"">1,40m</td>
\n</tr>
\n<tr>
\n<th style=""text-align: left;"">Altura da Semi Torre</th>
\n<td style=""text-align: left;"">1,20m</td>
\n</tr>
\n<tr>
\n<th style=""text-align: left;"">Norma</th>
\n<td style=""text-align: left;"">NBR 16.071/21</td>
\n</tr>
\n<tr>
\n<th style=""text-align: left;"">Idade Recomendada</th>
\n<td style=""text-align: left;"">Para maiores de 03 Anos até 12 Anos</td>
\n</tr>
\n</tbody>
\n</table>
\n</div>",Playgrounds Completos
KMP 0202,"<div class=""description woocommerce-product-details__short-description""></div>
\n<h2 class=""product_title entry-title show-product-nav"">KMP 0202</h2>
\n<div class=""description woocommerce-product-details__short-description""></div>
\nÉ fabricando com materiais de alta qualidade, dentro normas da ABNT (<strong>NBR 16.071/21)</strong> de qualidade e segurança. Isto faz com que este Playground Infantil seja um produto de excelente custo benefício pois, além de durável devido a ótimos materiais empregados a ele, este mantém a integridade física da criança por atender normas de segurança. Recomendado para crianças de  03 a 12 anos.
\n<table style=""text-align: left;"" border=""1"" cellpadding=""10"">
\n<tbody>
\n<tr>
\n<th style=""text-align: left;"">Tamanho do Brinquedo</th>
\n<td style=""text-align: left;"">7m x 6m</td>
\n</tr>
\n<tr>
\n<th style=""text-align: left;"">Área Necessária C/ Circulação</th>
\n<td style=""text-align: left;"">10 x 9m = 90m²</td>
\n</tr>
\n<tr>
\n<th style=""text-align: left;"">Cubagem</th>
\n<td style=""text-align: left;"">8,35m³</td>
\n</tr>
\n<tr>
\n<th style=""text-align: left;"">Peso</th>
\n<td style=""text-align: left;"">364,78 KG</td>
\n</tr>
\n<tr>
\n<th style=""text-align: left;"">Altura da Torre</th>
\n<td style=""text-align: left;"">1,20m</td>
\n</tr>
\n<tr>
\n<th style=""text-align: left;"">Norma</th>
\n<td style=""text-align: left;"">NBR 16.071/21</td>
\n</tr>
\n<tr>
\n<th style=""text-align: left;"">Idade Recomendada</th>
\n<td style=""text-align: left;"">Para maiores de 03 Anos até 12 Anos</td>
\n</tr>
\n</tbody>
\n</table>",Playgrounds Completos
KMP 0204,"<h2 class=""product_title entry-title show-product-nav"">KMP 0204</h2>
\n<div class=""product-nav""></div>
\n<div class=""description woocommerce-product-details__short-description"">
\n
\nÉ fabricando com materiais de alta qualidade, dentro normas da ABNT (<strong>NBR 16.071/21)</strong> de qualidade e segurança. Isto faz com que este Playground Infantil seja um produto de excelente custo benefício pois, além de durável devido a ótimos materiais empregados a ele, este mantém a integridade física da criança por atender normas de segurança. Recomendado para crianças de  03 a 12 anos.
\n<table border=""1"" cellpadding=""10"">
\n<tbody>
\n<tr>
\n<th style=""text-align: left;"">Tamanho do Brinquedo</th>
\n<td style=""text-align: left;"">8m x 6m</td>
\n</tr>
\n<tr>
\n<th style=""text-align: left;"">Área Necessária C/ Circulação</th>
\n<td style=""text-align: left;"">11 x 10m = 110m²</td>
\n</tr>
\n<tr>
\n<th style=""text-align: left;"">Cubagem</th>
\n<td style=""text-align: left;"">13,68m³</td>
\n</tr>
\n<tr>
\n<th style=""text-align: left;"">Peso</th>
\n<td style=""text-align: left;"">584,37 KG</td>
\n</tr>
\n<tr>
\n<th style=""text-align: left;"">Altura da Torre</th>
\n<td style=""text-align: left;"">1,40m</td>
\n</tr>
\n<tr>
\n<th style=""text-align: left;"">Torre para Coqueiro plataforma</th>
\n<td style=""text-align: left;"">1,20m</td>
\n</tr>
\n<tr>
\n<th style=""text-align: left;"">Norma</th>
\n<td style=""text-align: left;"">NBR 16.071/21</td>
\n</tr>
\n<tr>
\n<th style=""text-align: left;"">Idade Recomendada</th>
\n<td style=""text-align: left;"">Para maiores de 03 Anos até 12 Anos</td>
\n</tr>
\n</tbody>
\n</table>
\n</div>",Playgrounds Completos
KMP 0205,"<h2 class=""product_title entry-title show-product-nav"">KMP 0205</h2>
\n<div class=""product-nav""></div>
\n<div class=""description woocommerce-product-details__short-description"">
\n
\nÉ fabricando com materiais de alta qualidade, dentro normas da ABNT (<strong>NBR 16.071/12)</strong> de qualidade e segurança. Isto faz com que este Playground Infantil seja um produto de excelente custo benefício pois, além de durável devido a ótimos materiais empregados a ele, este mantém a integridade física da criança por atender normas de segurança. Recomendado para crianças de  03 a 12 anos.
\n<table border=""1"" cellpadding=""10"">
\n<tbody>
\n<tr>
\n<th style=""text-align: left;"">Tamanho do Brinquedo</th>
\n<td style=""text-align: left;"">10m x 6m</td>
\n</tr>
\n<tr>
\n<th style=""text-align: left;"">Área Necessária C/ Circulação</th>
\n<td style=""text-align: left;"">13m x 8m - 104m²</td>
\n</tr>
\n<tr>
\n<th style=""text-align: left;"">Cubagem</th>
\n<td style=""text-align: left;"">7,52m³</td>
\n</tr>
\n<tr>
\n<th style=""text-align: left;"">Peso</th>
\n<td style=""text-align: left;"">418,48 KG</td>
\n</tr>
\n<tr>
\n<th style=""text-align: left;"">Altura da Torre</th>
\n<td style=""text-align: left;"">1,20m</td>
\n</tr>
\n<tr>
\n<th style=""text-align: left;"">Norma</th>
\n<td style=""text-align: left;"">NBR 16.071/21</td>
\n</tr>
\n<tr>
\n<th style=""text-align: left;"">Idade Recomendada</th>
\n<td style=""text-align: left;"">Para maiores de 03 Anos até 12 Anos</td>
\n</tr>
\n</tbody>
\n</table>
\n</div>",Playgrounds Completos
KMP 0208,"<h2 class=""product_title entry-title show-product-nav"">KMP 0208</h2>
\n<div class=""description woocommerce-product-details__short-description"">É fabricado com materiais de alta qualidade, dentro das normas da ABNT (<strong>NBR 16.071/21</strong>) de qualidade e segurança. Isto faz com que este Playground Infantil seja um produto de excelente custo benefício, pois, além de durável devido a ótimos materiais empregados, mantém a integridade física da criança por atender normas de segurança. Recomendado para crianças de 03 a 6 anos.</div>
\n<div class=""product_meta""></div>
\n<div>
\n<table border=""1"" cellpadding=""10"">
\n<tbody>
\n<tr>
\n<th style=""text-align: left;"">Tamanho do Brinquedo</th>
\n<td style=""text-align: left;"">10m x 6m</td>
\n</tr>
\n<tr>
\n<th style=""text-align: left;"">Área Necessária C/ Circulação</th>
\n<td style=""text-align: left;"">13m x 8m - 104m²</td>
\n</tr>
\n<tr>
\n<th style=""text-align: left;"">Cubagem</th>
\n<td style=""text-align: left;"">7,52m³</td>
\n</tr>
\n<tr>
\n<th style=""text-align: left;"">Peso</th>
\n<td style=""text-align: left;"">418,48 KG</td>
\n</tr>
\n<tr>
\n<th style=""text-align: left;"">Altura da Torre</th>
\n<td style=""text-align: left;"">1,20m</td>
\n</tr>
\n<tr>
\n<th style=""text-align: left;"">Norma</th>
\n<td style=""text-align: left;"">NBR 16.071/21</td>
\n</tr>
\n<tr>
\n<th style=""text-align: left;"">Idade Recomendada</th>
\n<td style=""text-align: left;"">Para maiores de 03 Anos até 12 Anos</td>
\n</tr>
\n</tbody>
\n</table>
\n</div>",Playgrounds Completos
KMP 0209,"<h2 class=""product_title entry-title show-product-nav"">KMP 0209</h2>
\n<div class=""description woocommerce-product-details__short-description"">
\n
\nÉ fabricando com materiais de alta qualidade, dentro normas da ABNT <strong>(NBR 16.071/21)</strong> de qualidade e segurança. Isto faz com que este Playground Infantil seja um produto de excelente custo benefício pois, além de durável devido a ótimos materiais empregados a ele, este mantém a integridade física da criança por atender normas de segurança. Recomendado para crianças de 03 a 12 anos.
\n<table border=""1"" cellpadding=""10"">
\n<tbody>
\n<tr>
\n<th style=""text-align: left;"">Tamanho do Brinquedo</th>
\n<td style=""text-align: left;"">6m x 4m</td>
\n</tr>
\n<tr>
\n<th style=""text-align: left;"">Área Necessária C/ Circulação</th>
\n<td style=""text-align: left;"">10m x 9m = 90m²</td>
\n</tr>
\n<tr>
\n<th style=""text-align: left;"">Cubagem</th>
\n<td style=""text-align: left;"">7,07 m³</td>
\n</tr>
\n<tr>
\n<th style=""text-align: left;"">Peso</th>
\n<td style=""text-align: left;"">436,95 KG</td>
\n</tr>
\n<tr>
\n<th style=""text-align: left;"">Altura da Torre</th>
\n<td style=""text-align: left;"">1,40m</td>
\n</tr>
\n<tr>
\n<th style=""text-align: left;"">Torre para Coqueiro plataforma</th>
\n<td style=""text-align: left;"">1,20m</td>
\n</tr>
\n<tr>
\n<th style=""text-align: left;"">Norma</th>
\n<td style=""text-align: left;"">NBR 16.071/21</td>
\n</tr>
\n<tr>
\n<th style=""text-align: left;"">Idade Recomendada</th>
\n<td style=""text-align: left;"">Para maiores de 03 Anos até 12 Anos</td>
\n</tr>
\n</tbody>
\n</table>
\n</div>",Playgrounds Completos
KMP 0301,"<h2 class=""product_title entry-title show-product-nav"">KMP 0301</h2>
\n<div class=""description woocommerce-product-details__short-description"">
\n
\nÉ fabricando com materiais de alta qualidade, dentro normas da ABNT <strong>(NBR 16.071/21)</strong> de qualidade e segurança. Isto faz com que este Playground Infantil seja um produto de excelente custo benefício pois, além de durável devido a ótimos materiais empregados a ele, este mantém a integridade física da criança por atender normas de segurança. Recomendado para crianças de 03 a 12 anos.
\n<table border=""1"" cellpadding=""10"">
\n<tbody>
\n<tr>
\n<th style=""text-align: left;"">Tamanho do Brinquedo</th>
\n<td style=""text-align: left;"">10m x 10m</td>
\n</tr>
\n<tr>
\n<th style=""text-align: left;"">Área Necessária C/ Circulação</th>
\n<td style=""text-align: left;"">13m x 13m - 169m²</td>
\n</tr>
\n<tr>
\n<th style=""text-align: left;"">Cubagem</th>
\n<td style=""text-align: left;"">11,13m³</td>
\n</tr>
\n<tr>
\n<th style=""text-align: left;"">Peso</th>
\n<td style=""text-align: left;"">716,06 KG</td>
\n</tr>
\n<tr>
\n<th style=""text-align: left;"">Altura da Torre</th>
\n<td style=""text-align: left;"">1,20m / 1,40m</td>
\n</tr>
\n<tr>
\n<th style=""text-align: left;"">Norma</th>
\n<td style=""text-align: left;"">NBR 16.071/21</td>
\n</tr>
\n<tr>
\n<th style=""text-align: left;"">Idade Recomendada</th>
\n<td style=""text-align: left;"">Para maiores de 03 Anos até 12 Anos</td>
\n</tr>
\n</tbody>
\n</table>
\n</div>",Playgrounds Completos
KMP 0302,"<h2 class=""product_title entry-title show-product-nav"">KMP 0302</h2>
\n<div class=""description woocommerce-product-details__short-description"">
\n
\nÉ fabricando com materiais de alta qualidade, dentro normas da ABNT <strong>(NBR 16.071/21)</strong> de qualidade e segurança. Isto faz com que este Playground Infantil seja um produto de excelente custo benefício pois, além de durável devido a ótimos materiais empregados a ele, este mantém a integridade física da criança por atender normas de segurança. Recomendado para crianças de 02 a 12 anos.
\n
\n</div>
\n<div class=""product_meta""></div>
\n<table border=""1"" cellpadding=""10"">
\n<tbody>
\n<tr>
\n<th style=""text-align: left;"">Tamanho do Brinquedo</th>
\n<td style=""text-align: left;"">7m x 10m</td>
\n</tr>
\n<tr>
\n<th style=""text-align: left;"">Área Necessária C/ Circulação</th>
\n<td style=""text-align: left;"">11 x 10m = 110m²</td>
\n</tr>
\n<tr>
\n<th style=""text-align: left;"">Cubagem</th>
\n<td style=""text-align: left;"">15,91m³</td>
\n</tr>
\n<tr>
\n<th style=""text-align: left;"">Peso</th>
\n<td style=""text-align: left;"">729,33 KG</td>
\n</tr>
\n<tr>
\n<th style=""text-align: left;"">Altura Plataformas Torres</th>
\n<td style=""text-align: left;"">1,40m</td>
\n</tr>
\n<tr>
\n<th style=""text-align: left;"">Norma</th>
\n<td style=""text-align: left;"">NBR 16.071/21</td>
\n</tr>
\n<tr>
\n<th style=""text-align: left;"">Idade Recomendada</th>
\n<td style=""text-align: left;"">Para maiores de 03 Anos até 12 Anos</td>
\n</tr>
\n</tbody>
\n</table>",Playgrounds Completos
KMP 0303,"<h2 class=""product_title entry-title show-product-nav"">KMP 0303</h2>
\n<div class=""product-nav"">
\n<div class=""product-next"">É fabricando com materiais de alta qualidade, dentro normas da ABNT <strong>(NBR 16.071/21)</strong> de qualidade e segurança. Isto faz com que este Playground Infantil seja um produto de excelente custo benefício pois, além de durável devido a ótimos materiais empregados a ele, este mantém a integridade física da criança por atender normas de segurança. Recomendado para crianças de 03 a 12 anos.</div>
\n</div>
\n<div class=""product_meta""></div>
\n<div>
\n<table border=""1"" cellpadding=""10"">
\n<tbody>
\n<tr>
\n<th style=""text-align: left;"">Tamanho do Brinquedo</th>
\n<td style=""text-align: left;"">10m x 6m</td>
\n</tr>
\n<tr>
\n<th style=""text-align: left;"">Área Necessária C/ Circulação</th>
\n<td style=""text-align: left;"">8 x 14m = 112m²</td>
\n</tr>
\n<tr>
\n<th style=""text-align: left;"">Cubagem</th>
\n<td style=""text-align: left;"">11,28m³</td>
\n</tr>
\n<tr>
\n<th style=""text-align: left;"">Peso</th>
\n<td style=""text-align: left;"">710,10 KG</td>
\n</tr>
\n<tr>
\n<th style=""text-align: left;"">Altura das Torres</th>
\n<td style=""text-align: left;"">1,20m / 1,40m</td>
\n</tr>
\n<tr>
\n<th style=""text-align: left;"">Norma</th>
\n<td style=""text-align: left;"">NBR 16.071/21</td>
\n</tr>
\n<tr>
\n<th style=""text-align: left;"">Idade Recomendada</th>
\n<td style=""text-align: left;"">Para maiores de 03 Anos até 12 Anos</td>
\n</tr>
\n</tbody>
\n</table>
\n</div>",Playgrounds Completos
KMP 0305,"<h2 class=""product_title entry-title show-product-nav"">KMP 0305</h2>
\n<div class=""product-nav"">
\n<div class=""product-next"">É fabricando com materiais de alta qualidade, dentro normas da ABNT <strong>(NBR 16.071/21)</strong> de qualidade e segurança. Isto faz com que este Playground Infantil seja um produto de excelente custo benefício pois, além de durável devido a ótimos materiais empregados a ele, este mantém a integridade física da criança por atender normas de segurança. Recomendado para crianças de 03 a 6 anos.</div>
\n</div>
\n<div class=""product_meta""></div>
\n<table border=""1"" cellpadding=""10"">
\n<tbody>
\n<tr>
\n<th style=""text-align: left;"">Tamanho do Brinquedo</th>
\n<td style=""text-align: left;"">11m x 5m</td>
\n</tr>
\n<tr>
\n<th style=""text-align: left;"">Área Necessária C/ Circulação</th>
\n<td style=""text-align: left;"">13,5 x 9m = 112m²</td>
\n</tr>
\n<tr>
\n<th style=""text-align: left;"">Cubagem</th>
\n<td style=""text-align: left;"">10,82 m³</td>
\n</tr>
\n<tr>
\n<th style=""text-align: left;"">Peso</th>
\n<td style=""text-align: left;"">619,94 KG</td>
\n</tr>
\n<tr>
\n<th style=""text-align: left;"">Altura das Torres</th>
\n<td style=""text-align: left;"">1,20m / 1,40m</td>
\n</tr>
\n<tr>
\n<th style=""text-align: left;"">Norma</th>
\n<td style=""text-align: left;"">NBR 16.071/21</td>
\n</tr>
\n<tr>
\n<th style=""text-align: left;"">Idade Recomendada</th>
\n<td style=""text-align: left;"">Para maiores de 03 Anos até 12 Anos</td>
\n</tr>
\n</tbody>
\n</table>",Playgrounds Completos
KMP 0401,"<h2 class=""product_title entry-title show-product-nav"">KMP 0401</h2>
\n<div class=""description woocommerce-product-details__short-description"">
\n
\nÉ fabricando com materiais de alta qualidade, dentro normas da ABNT <strong>(NBR 16.071/21)</strong> de qualidade e segurança. Isto faz com que este Playground Infantil seja um produto de excelente custo benefício pois, além de durável devido a ótimos materiais empregados a ele, este mantém a integridade física da criança por atender normas de segurança. Recomendado para crianças de 03 a 12 anos.
\n
\n</div>
\n<div class=""description woocommerce-product-details__short-description"">
\n<table style=""text-align: left;"" border=""1"" cellpadding=""10"">
\n<tbody>
\n<tr>
\n<th>Tamanho do Brinquedo</th>
\n<td>11m x 6m</td>
\n</tr>
\n<tr>
\n<th>Área Necessária C/ Circulação</th>
\n<td>14,5 x 8,5m = 123m²</td>
\n</tr>
\n<tr>
\n<th>Cubagem</th>
\n<td>20,95m³</td>
\n</tr>
\n<tr>
\n<th>Peso</th>
\n<td>943,98 KG</td>
\n</tr>
\n<tr>
\n<th>Altura da Torre</th>
\n<td>1,20m / 1,40m</td>
\n</tr>
\n<tr>
\n<th>Norma</th>
\n<td>NBR 16.071/21</td>
\n</tr>
\n<tr>
\n<th>Idade Recomendada</th>
\n<td>Para maiores de 03 Anos até 12 Anos</td>
\n</tr>
\n</tbody>
\n</table>
\n</div>",Playgrounds Completos
KMP 0402,"<h2 class=""product_title entry-title show-product-nav"">KMP 0402</h2>
\n<div class=""description woocommerce-product-details__short-description"">
\n
\nÉ fabricando com materiais de alta qualidade, dentro normas da ABNT <strong>(NBR 16.071/21)</strong> de qualidade e segurança. Isto faz com que este Playground Infantil seja um produto de excelente custo benefício pois, além de durável devido a ótimos materiais empregados a ele, este mantém a integridade física da criança por atender normas de segurança. Recomendado para crianças de 03 a 12 anos.
\n
\n</div>
\n<div class=""description woocommerce-product-details__short-description"">
\n<table style=""text-align: left;"" border=""1"" cellpadding=""10"">
\n<tbody>
\n<tr>
\n<th>Tamanho do Brinquedo</th>
\n<td>8m x 5m</td>
\n</tr>
\n<tr>
\n<th>Área Necessária C/ Circulação</th>
\n<td>10 x 9m = 90m²</td>
\n</tr>
\n<tr>
\n<th>Cubagem</th>
\n<td>10,6m³</td>
\n</tr>
\n<tr>
\n<th>Peso</th>
\n<td>582,52 KG</td>
\n</tr>
\n<tr>
\n<th>Altura da Torre</th>
\n<td>0,80m a 1,20m</td>
\n</tr>
\n<tr>
\n<th>Norma</th>
\n<td>NBR 16.071/21</td>
\n</tr>
\n<tr>
\n<th>Idade Recomendada</th>
\n<td>Para maiores de 03 Anos até 12 Anos</td>
\n</tr>
\n</tbody>
\n</table>
\n</div>",Playgrounds Completos
KMP 0404,"<h2 class=""product_title entry-title show-product-nav"">KMP 0404</h2>
\n<div class=""description woocommerce-product-details__short-description"">
\n
\nÉ fabricando com materiais de alta qualidade, dentro normas da ABNT <strong>(NBR 16.071/21)</strong> de qualidade e segurança. Isto faz com que este Playground Infantil seja um produto de excelente custo benefício pois, além de durável devido a ótimos materiais empregados a ele, este mantém a integridade física da criança por atender normas de segurança. Recomendado para crianças de 03 a 12 anos.
\n
\n</div>
\n<table border=""1"" cellpadding=""10"">
\n<tbody>
\n<tr>
\n<th style=""text-align: left;"">Tamanho do Brinquedo</th>
\n<td style=""text-align: left;"">9m x 8m</td>
\n</tr>
\n<tr>
\n<th style=""text-align: left;"">Área Necessária C/ Circulação</th>
\n<td style=""text-align: left;"">13,5 x 10,5m = 142m²</td>
\n</tr>
\n<tr>
\n<th style=""text-align: left;"">Cubagem</th>
\n<td style=""text-align: left;"">16,06m³</td>
\n</tr>
\n<tr>
\n<th style=""text-align: left;"">Peso</th>
\n<td style=""text-align: left;"">794,27 KG</td>
\n</tr>
\n<tr>
\n<th style=""text-align: left;"">Altura da Torre</th>
\n<td style=""text-align: left;"">1,20m / 1,40m</td>
\n</tr>
\n<tr>
\n<th style=""text-align: left;"">Norma</th>
\n<td style=""text-align: left;"">NBR 16.071/21</td>
\n</tr>
\n<tr>
\n<th style=""text-align: left;"">Idade Recomendada</th>
\n<td style=""text-align: left;"">Para maiores de 03 Anos até 12 Anos</td>
\n</tr>
\n</tbody>
\n</table>",Playgrounds Completos
KMP 0502,"<h2 class=""product_title entry-title show-product-nav"">KMP 0502</h2>
\n<div class=""description woocommerce-product-details__short-description"">
\n
\nÉ fabricando com materiais de alta qualidade, dentro normas da ABNT <strong>(NBR 16.071/21)</strong> de qualidade e segurança. Isto faz com que este Playground Infantil seja um produto de excelente custo benefício pois, além de durável devido a ótimos materiais empregados a ele, este mantém a integridade física da criança por atender normas de segurança. Recomendado para crianças de 02 a 12 anos.
\n
\n</div>
\n<div class=""description woocommerce-product-details__short-description"">
\n<table style=""text-align: left;"" border=""1"" cellpadding=""10"">
\n<tbody>
\n<tr>
\n<th>Tamanho do Brinquedo</th>
\n<td>11m x 8m</td>
\n</tr>
\n<tr>
\n<th>Área Necessária C/ Circulação</th>
\n<td>13 x 11m = 143m²</td>
\n</tr>
\n<tr>
\n<th>Cubagem</th>
\n<td>23,41m³</td>
\n</tr>
\n<tr>
\n<th>Peso</th>
\n<td>1.061,52 KG</td>
\n</tr>
\n<tr>
\n<th>Altura da Torre</th>
\n<td>1,20m / 1,40m</td>
\n</tr>
\n<tr>
\n<th>Norma</th>
\n<td>NBR 16.071/21</td>
\n</tr>
\n<tr>
\n<th>Idade Recomendada</th>
\n<td>Para maiores de 03 Anos até 12 Anos</td>
\n</tr>
\n</tbody>
\n</table>
\n</div>",Playgrounds Completos
KMP 0601,"<h2 class=""product_title entry-title show-product-nav"">KMP 0601</h2>
\n<div class=""description woocommerce-product-details__short-description"">
\n
\nÉ fabricando com materiais de alta qualidade, dentro normas da ABNT (NBR 16.071/12) de qualidade e segurança. Isto faz com que este Playground Infantil seja um produto de excelente custo benefício pois, além de durável devido a ótimos materiais empregados a ele, este mantém a integridade física da criança por atender normas de segurança. Recomendado para crianças de 03 a 12 anos.
\n
\n</div>
\n<div class=""description woocommerce-product-details__short-description"">
\n<table style=""text-align: left;"" border=""1"" cellpadding=""10"">
\n<tbody>
\n<tr>
\n<th>Tamanho do Brinquedo</th>
\n<td>10m x 9m</td>
\n</tr>
\n<tr>
\n<th>Área Necessária C/ Circulação</th>
\n<td>13,5 x 12,5m = 169m²</td>
\n</tr>
\n<tr>
\n<th>Cubagem</th>
\n<td>20,73m³</td>
\n</tr>
\n<tr>
\n<th>Peso</th>
\n<td>1.145,89 KG</td>
\n</tr>
\n<tr>
\n<th>Altura da Torre</th>
\n<td>0,80m à 1,40m</td>
\n</tr>
\n<tr>
\n<th>Norma</th>
\n<td>NBR 16.071/21</td>
\n</tr>
\n<tr>
\n<th>Idade Recomendada</th>
\n<td>Para maiores de 03 Anos até 12 Anos</td>
\n</tr>
\n</tbody>
\n</table>
\n</div>",Playgrounds Completos
KMP 0603,"<h2 class=""product_title entry-title show-product-nav"">KMP 0603</h2>
\n<div class=""description woocommerce-product-details__short-description"">
\n
\nÉ fabricando com materiais de alta qualidade, dentro normas da ABNT (NBR 16.071/21) de qualidade e segurança. Isto faz com que este Playground Infantil seja um produto de excelente custo benefício pois, além de durável devido a ótimos materiais empregados a ele, este mantém a integridade física da criança por atender normas de segurança. Recomendado para crianças de 03 a 12 anos.
\n<div class=""description woocommerce-product-details__short-description"">
\n<table style=""text-align: left;"" border=""1"" cellpadding=""10"">
\n<tbody>
\n<tr>
\n<th>Tamanho do Brinquedo</th>
\n<td>12m X 9m</td>
\n</tr>
\n<tr>
\n<th>Área Necessária C/ Circulação</th>
\n<td>15,5 x 13m = 202m²</td>
\n</tr>
\n<tr>
\n<th>Cubagem</th>
\n<td>20m³</td>
\n</tr>
\n<tr>
\n<th>Peso</th>
\n<td>1.306,49 Kg</td>
\n</tr>
\n<tr>
\n<th>Altura da Torre</th>
\n<td>1,20m / 1,40m</td>
\n</tr>
\n<tr>
\n<th>Norma</th>
\n<td>NBR 16.071/21</td>
\n</tr>
\n<tr>
\n<th>Idade Recomendada</th>
\n<td>Para maiores de 03 Anos até 12 Anos</td>
\n</tr>
\n</tbody>
\n</table>
\n</div>
\n</div>",Playgrounds Completos
KMP 0702,"<h2 class=""product_title entry-title show-product-nav"">KMP 0702</h2>
\n<div class=""description woocommerce-product-details__short-description"">
\n
\nÉ fabricando com materiais de alta qualidade, dentro normas da ABNT (NBR 16.071/21) de qualidade e segurança. Isto faz com que este Playground Infantil seja um produto de excelente custo benefício pois, além de durável devido a ótimos materiais empregados a ele, este mantém a integridade física da criança por atender normas de segurança. Recomendado para crianças de 03 a 12 anos.
\n<div class=""description woocommerce-product-details__short-description"">
\n<table style=""text-align: left;"" border=""1"" cellpadding=""10"">
\n<tbody>
\n<tr>
\n<th>Tamanho do Brinquedo</th>
\n<td>13m x 12m</td>
\n</tr>
\n<tr>
\n<th>Área Necessária C/ Circulação</th>
\n<td>16 x 12m = 192m²</td>
\n</tr>
\n<tr>
\n<th>Cubagem</th>
\n<td>28,76m³</td>
\n</tr>
\n<tr>
\n<th>Peso</th>
\n<td>1.359,26 Kg</td>
\n</tr>
\n<tr>
\n<th>Altura da Torre</th>
\n<td>1,20m / 1,40m</td>
\n</tr>
\n<tr>
\n<th>Norma</th>
\n<td>NBR 16.071/21</td>
\n</tr>
\n<tr>
\n<th>Idade Recomendada</th>
\n<td>Para maiores de 03 Anos até 12 Anos</td>
\n</tr>
\n</tbody>
\n</table>
\n</div>
\n</div>",Playgrounds Completos
KMP 0901,"<h2 class=""product_title entry-title show-product-nav"">KMP 0901</h2>
\n<div class=""description woocommerce-product-details__short-description"">
\n
\nÉ fabricando com materiais de alta qualidade, dentro normas da ABNT (NBR 16.071/21) de qualidade e segurança. Isto faz com que este Playground Infantil seja um produto de excelente custo benefício pois, além de durável devido a ótimos materiais empregados a ele, este mantém a integridade física da criança por atender normas de segurança. Recomendado para crianças de 03 a 12 anos.
\n<div class=""description woocommerce-product-details__short-description"">
\n<table style=""text-align: left;"" border=""1"" cellpadding=""10"">
\n<tbody>
\n<tr>
\n<th>Tamanho do Brinquedo</th>
\n<td>14m x 14m</td>
\n</tr>
\n<tr>
\n<th>Área Necessária C/ Circulação</th>
\n<td>17 x 17m = 289m²</td>
\n</tr>
\n<tr>
\n<th>Cubagem</th>
\n<td>39,12m³</td>
\n</tr>
\n<tr>
\n<th>Peso</th>
\n<td>1.811,94 Kg</td>
\n</tr>
\n<tr>
\n<th>Altura da Torre</th>
\n<td>1,20m / 1,40m</td>
\n</tr>
\n<tr>
\n<th>Norma</th>
\n<td>NBR 16.071/21</td>
\n</tr>
\n<tr>
\n<th>Idade Recomendada</th>
\n<td>Para maiores de 03 Anos até 12 Anos</td>
\n</tr>
\n</tbody>
\n</table>
\n</div>
\n</div>",Playgrounds Completos
KMP 1101,"<h2 class=""product_title entry-title show-product-nav"">KMP 1101</h2>
\n<div class=""description woocommerce-product-details__short-description"">
\n
\nÉ fabricando com materiais de alta qualidade, dentro normas da ABNT (NBR 16.071/21) de qualidade e segurança. Isto faz com que este Playground Infantil seja um produto de excelente custo benefício pois, além de durável devido a ótimos materiais empregados a ele, este mantém a integridade física da criança por atender normas de segurança. Recomendado para crianças de 03 a 12 anos.
\n<div class=""description woocommerce-product-details__short-description"">
\n<table style=""text-align: left;"" border=""1"" cellpadding=""10"">
\n<tbody>
\n<tr>
\n<th>Tamanho do Brinquedo</th>
\n<td>14m x 14m</td>
\n</tr>
\n<tr>
\n<th>Área Necessária C/ Circulação</th>
\n<td>17 x 16m = 154m²</td>
\n</tr>
\n<tr>
\n<th>Cubagem</th>
\n<td>35,67m³</td>
\n</tr>
\n<tr>
\n<th>Peso</th>
\n<td>2.103,25 Kg</td>
\n</tr>
\n<tr>
\n<th>Altura da Torre</th>
\n<td>1,20m / 1,40m</td>
\n</tr>
\n<tr>
\n<th>Norma</th>
\n<td>NBR 16.071/21</td>
\n</tr>
\n<tr>
\n<th>Idade Recomendada</th>
\n<td>Para maiores de 03 Anos até 12 Anos</td>
\n</tr>
\n</tbody>
\n</table>
\n</div>
\n</div>",Playgrounds Completos
P-60-B,"<h2 class=""product_title entry-title show-product-nav"">P-60-B</h2>
\n<div class=""product-nav"">
\n<div class=""product-prev""></div>
\n<div class=""product-next""></div>
\n</div>
\n<div class=""description woocommerce-product-details__short-description"">
\n
\nNome: Balanço infantil.
\n
\nÁrea necessária: 4m x 5m.
\n
\nIdade Recomendada: 3 a 12 anos
\n
\nDescrição: O Balanço para Crianças P-60 B da Krenke Brinquedos é um balanço composto por uma estrutura de alumínio e uma travessa de tubo de metal galvanizado com 2 balanços de assento em plástico rotomoldado.
\n
\nImagem meramente ilustrativa!
\n
\n</div>
\n<div class=""product_meta""><span class=""posted_in"">CATEGORIA: <a href=""https://www.krenke.com.br/categoria-produto/brinquedos-avulsos/"" rel=""tag"">BRINQUEDOS AVULSOS</a></span><span class=""tagged_as"">TAGS: <a href=""https://www.krenke.com.br/produto-tag/brinquedos-avulsos/"" rel=""tag"">BRINQUEDOS AVULSOS</a>, <a href=""https://www.krenke.com.br/produto-tag/brinquedos-para-escolas/"" rel=""tag"">BRINQUEDOS PARA ESCOLAS</a>, <a href=""https://www.krenke.com.br/produto-tag/brinquedos-para-parquinhos/"" rel=""tag"">BRINQUEDOS PARA PARQUINHOS</a></span></div>",Brinquedos Avulsos
P-63,"<h2 class=""product_title entry-title show-product-nav"">P-63</h2>
\n<div class=""product-nav"">
\n<div class=""product-prev""></div>
\n<div class=""product-next""></div>
\n</div>
\n<div class=""description woocommerce-product-details__short-description"">
\n
\nNome: Carrossel infantil
\n
\nÁrea Necessária: 3m de diâmetro.
\n
\nIdade Recomendada: 3 a 12 anos
\n
\nO carrossel infantil da Krenke Brinquedos é uma estrutura de brinquedo própria para o lazer da criança, colorido e possui 8 lugares, este é o produto ideal para escolas, condomínios, praças ou mesmo para ter em casas particulares.
\n
\nFeito em aço e assentos em plástico rotomoldado é totalmente seguro, resistente e colorido. O plástico rotomoldado não desbota dando mais cor e alegria ao brinquedo.
\n
\nA Krenke Brinquedos preza muito pela segurança de seus produtos, todos os brinquedos da empresa passam por um rigoroso controle de qualidade o que garante que o cliente receberá um produto muito bem acabado e com excelente material empregado em sua fabricação o que aumentará ainda mais o custo benefício do carrossel infantil, pois isto prolongará a vida útil do brinquedo e manterá o mesmo com o aspecto de novo por muito mais tempo.
\n
\nImagem meramente ilustrativa!
\n
\n</div>
\n<div class=""product_meta""><span class=""posted_in"">CATEGORIA: <a href=""https://www.krenke.com.br/categoria-produto/brinquedos-avulsos/"" rel=""tag"">BRINQUEDOS AVULSOS</a></span><span class=""tagged_as"">TAGS: <a href=""https://www.krenke.com.br/produto-tag/brinquedos-avulsos/"" rel=""tag"">BRINQUEDOS AVULSOS</a>, <a href=""https://www.krenke.com.br/produto-tag/brinquedos-para-escolas/"" rel=""tag"">BRINQUEDOS PARA ESCOLAS</a>, <a href=""https://www.krenke.com.br/produto-tag/brinquedos-para-parquinhos/"" rel=""tag"">BRINQUEDOS PARA PARQUINHOS</a></span></div>",Brinquedos Avulsos
P-59-A,"<h2 class=""product_title entry-title show-product-nav"">P-59-A</h2>
\n<div class=""product-nav"">
\n<div class=""product-prev""></div>
\n<div class=""product-next""></div>
\n</div>
\n<div class=""description woocommerce-product-details__short-description"">
\n
\nNome: Gangorra
\n
\nA gangorra da Krenke é o produto ideal para o lazer das crianças, um produto feito de alumínio com material de ótima qualidade e com perfeito acabamento o que garante maior durabilidade ao produto e, ainda irá manter a aparência de um produto novo por mais tempo.
\n
\nIdade Recomendada: 3 a 12 anos
\n
\nEstrutura de alumínio e assentos em plástico rotomoldado.
\n
\nTamanho: 2,70m de comprimento.
\n
\nImagem meramente ilustrativa!
\n
\n</div>
\n<div class=""product_meta""><span class=""posted_in"">CATEGORIA: <a href=""https://www.krenke.com.br/categoria-produto/brinquedos-avulsos/"" rel=""tag"">BRINQUEDOS AVULSOS</a></span><span class=""tagged_as"">TAGS: <a href=""https://www.krenke.com.br/produto-tag/brinquedos-avulsos/"" rel=""tag"">BRINQUEDOS AVULSOS</a>, <a href=""https://www.krenke.com.br/produto-tag/brinquedos-para-escolas/"" rel=""tag"">BRINQUEDOS PARA ESCOLAS</a>, <a href=""https://www.krenke.com.br/produto-tag/brinquedos-para-parquinhos/"" rel=""tag"">BRINQUEDOS PARA PARQUINHOS</a></span></div>",Brinquedos Avulsos
KM 70,"<h2 class=""product_title entry-title show-product-nav"">KM 70</h2>
\n<div class=""product-nav"">
\n<div class=""product-prev""></div>
\n<div class=""product-next""></div>
\n</div>
\n<div class=""description woocommerce-product-details__short-description"">
\n
\nNome: Cavalinho de Mola
\n
\nIdade Recomendada: 3 a 12 anos
\n
\nDescrição: Brinquedo infantil sobre mola em formato de cavalo com a seguinte descrição: peça de plástico polietileno rotomoldado, 690mm de largura total, 1200mm de comprimento (do bico a cauda) e 530mm de altura até o assento, em formato de cavalo; mola feita com aço galvanizado a fogo com Ø20mm de diâmetro, revestido com pintura eletroestática, 400mm de altura e 200mm de largura; suporte âncora feito com aço galvanizado a fogo, para fixação da mola no brinquedo e para fixação da mola dentro ou sobre o concreto ou terra;
\n
\nImagem meramente ilustrativa!
\n
\n</div>
\n<div class=""product_meta""><span class=""posted_in"">CATEGORIA: <a href=""https://www.krenke.com.br/categoria-produto/brinquedos-avulsos/"" rel=""tag"">BRINQUEDOS AVULSOS</a></span><span class=""tagged_as"">TAGS: <a href=""https://www.krenke.com.br/produto-tag/brinquedos-avulsos/"" rel=""tag"">BRINQUEDOS AVULSOS</a>, <a href=""https://www.krenke.com.br/produto-tag/brinquedos-para-escolas/"" rel=""tag"">BRINQUEDOS PARA ESCOLAS</a>, <a href=""https://www.krenke.com.br/produto-tag/brinquedos-para-parquinhos/"" rel=""tag"">BRINQUEDOS PARA PARQUINHOS</a></span></div>",Brinquedos Avulsos
KM 80,"<h2 class=""product_title entry-title show-product-nav"">KM 80</h2>
\n<div class=""product-nav"">
\n<div class=""product-prev""></div>
\n<div class=""product-next""></div>
\n</div>
\n<div class=""description woocommerce-product-details__short-description"">
\n
\nNome: Moto de Mola
\n
\nIdade Recomendada: 3 a 12 anos
\n
\nDescrição: Brinquedo infantil sobre mola em formato de motocicleta com a seguinte descrição: peça de plástico polietileno rotomoldado na cor azul ou laranja, 320mm de largura total, 960mm de comprimento e 520mm de altura até o assento, em formato de motocicleta; mola feita com aço galvanizado a fogo com Ø20mm de diâmetro, revestido com pintura eletroestática, 400mm de altura e 200mm de largura; suporte âncora feito com aço galvanizado a fogo, para fixação da mola no brinquedo e para fixação da mola dentro ou sobre o concreto ou terra;
\n
\nImagem meramente ilustrativa!
\n
\n</div>
\n<div class=""product_meta""><span class=""posted_in"">CATEGORIA: <a href=""https://www.krenke.com.br/categoria-produto/brinquedos-avulsos/"" rel=""tag"">BRINQUEDOS AVULSOS</a></span><span class=""tagged_as"">TAGS: <a href=""https://www.krenke.com.br/produto-tag/brinquedos-avulsos/"" rel=""tag"">BRINQUEDOS AVULSOS</a>, <a href=""https://www.krenke.com.br/produto-tag/brinquedos-para-escolas/"" rel=""tag"">BRINQUEDOS PARA ESCOLAS</a>, <a href=""https://www.krenke.com.br/produto-tag/brinquedos-para-parquinhos/"" rel=""tag"">BRINQUEDOS PARA PARQUINHOS</a></span></div>",Brinquedos Avulsos
P-60-C,"<h2 class=""product_title entry-title show-product-nav"">P-60-C</h2>
\n<div class=""product-nav"">
\n<div class=""product-prev""></div>
\n<div class=""product-next""></div>
\n</div>
\n<div class=""description woocommerce-product-details__short-description"">
\n
\nNome: Balanço Ninho
\n
\nÁrea necessária: 2m x 1,85m.
\n
\nIdade Recomendada: 1 a 3 anos
\n
\nDescrição: O Balanço ninho P-60 C da Krenke Brinquedos é um balanço composto por uma estrutura de alumínio e uma travessa de tubo de metal galvanizado com acento em forma de cesto em plástico rotomoldado.
\n
\nImagem meramente ilustrativa!
\n
\n</div>
\n<div class=""product_meta""><span class=""posted_in"">CATEGORIA: <a href=""https://www.krenke.com.br/categoria-produto/brinquedos-avulsos/"" rel=""tag"">BRINQUEDOS AVULSOS</a></span><span class=""tagged_as"">TAGS: <a href=""https://www.krenke.com.br/produto-tag/brinquedos-avulsos/"" rel=""tag"">BRINQUEDOS AVULSOS</a>, <a href=""https://www.krenke.com.br/produto-tag/brinquedos-para-escolas/"" rel=""tag"">BRINQUEDOS PARA ESCOLAS</a>, <a href=""https://www.krenke.com.br/produto-tag/brinquedos-para-parquinhos/"" rel=""tag"">BRINQUEDOS PARA PARQUINHOS</a></span></div>",Brinquedos Avulsos
TOBOGÃ ESPECIAL,"<h2 class=""product_title entry-title show-product-nav"">TOBOGÃ ESPECIAL</h2>
\n<div class=""product-nav"">
\n<div class=""product-prev""></div>
\n<div class=""product-next""></div>
\n</div>
\n<div class=""description woocommerce-product-details__short-description"">
\n
\nFabricado em plástico rotomoldado, podendo ser instalado em qualquer lugar e projetado na altura desejada conforme a escolha do cliente, com toda segurança e qualidade.
\n
\n</div>
\n<div class=""product_meta""><span class=""posted_in"">CATEGORIA: <a href=""https://www.krenke.com.br/categoria-produto/brinquedos-avulsos/"" rel=""tag"">BRINQUEDOS AVULSOS</a></span><span class=""tagged_as"">TAGS: <a href=""https://www.krenke.com.br/produto-tag/brinquedos-avulsos/"" rel=""tag"">BRINQUEDOS AVULSOS</a>, <a href=""https://www.krenke.com.br/produto-tag/brinquedos-para-escolas/"" rel=""tag"">BRINQUEDOS PARA ESCOLAS</a>, <a href=""https://www.krenke.com.br/produto-tag/brinquedos-para-parquinhos/"" rel=""tag"">BRINQUEDOS PARA PARQUINHOS</a></span></div>",Brinquedos Avulsos
PIRÂMIDE DE CORDAS,"<h2 class=""product_title entry-title show-product-nav"">PIRÂMIDE DE CORDAS</h2>
\n<div class=""product-nav"">
\n<div class=""product-prev""></div>
\n<div class=""product-next""></div>
\n</div>
\n<div class=""description woocommerce-product-details__short-description"">
\n
\nMódulo escalada avulso, tipo teia de aranha formato cônico. Contém: Estrutura em aço estrutural com revestimento em zinco e pintura epóxi eletrostática Cor verde; Cordas 100% poliéster, cor verde oliva; uniões cruzadas produzidas em polietileno cor laranja; Acabamento tipo coqueiro produzido em polietileno cor verde. Elemento de fixação zincados. Altura 4 metros, diâmetro 3, metros.
\n
\nIdade Recomendada: 4 a 12 anos
\n
\nImagem ilustrativa!
\n
\n</div>
\n<div class=""product_meta""><span class=""posted_in"">CATEGORIA: <a href=""https://www.krenke.com.br/categoria-produto/brinquedos-avulsos/"" rel=""tag"">BRINQUEDOS AVULSOS</a></span><span class=""tagged_as"">TAGS: <a href=""https://www.krenke.com.br/produto-tag/brinquedos-avulsos/"" rel=""tag"">BRINQUEDOS AVULSOS</a>, <a href=""https://www.krenke.com.br/produto-tag/brinquedos-para-escolas/"" rel=""tag"">BRINQUEDOS PARA ESCOLAS</a>, <a href=""https://www.krenke.com.br/produto-tag/brinquedos-para-parquinhos/"" rel=""tag"">BRINQUEDOS PARA PARQUINHOS</a></span></div>",Brinquedos Avulsos
SCANDERE DOMOS,"<h2 class=""product_title entry-title show-product-nav"">SCANDERE DOMOS</h2>
\n<div class=""product-nav"">
\n<div class=""product-prev""></div>
\n<div class=""product-next""></div>
\n</div>
\n<div class=""description woocommerce-product-details__short-description"">
\n
\nÉ fabricando com material de ferro tubular galvanizado e pintado com tinta a pó sem materiais pesados medindo<strong> 2,70</strong> m de diâmetro com altura <strong>1,40 m.</strong>
\n
\nIdade Recomendada: 4 a 12 anos
\n
\nImagem ilustrativa!
\n
\n</div>
\n<div class=""product_meta""><span class=""posted_in"">CATEGORIA: <a href=""https://www.krenke.com.br/categoria-produto/brinquedos-avulsos/"" rel=""tag"">BRINQUEDOS AVULSOS</a></span><span class=""tagged_as"">TAGS: <a href=""https://www.krenke.com.br/produto-tag/brinquedos-avulsos/"" rel=""tag"">BRINQUEDOS AVULSOS</a>, <a href=""https://www.krenke.com.br/produto-tag/brinquedos-para-escolas/"" rel=""tag"">BRINQUEDOS PARA ESCOLAS</a>, <a href=""https://www.krenke.com.br/produto-tag/brinquedos-para-parquinhos/"" rel=""tag"">BRINQUEDOS PARA PARQUINHOS</a></span></div>",Brinquedos Avulsos
KM 50,"<h2 class=""product_title entry-title show-product-nav"">KM 50</h2>
\n<div class=""product-nav"">
\n<div class=""product-prev""></div>
\n<div class=""product-next""></div>
\n</div>
\n<div class=""description woocommerce-product-details__short-description"">
\n
\nNome: Golfinho de Mola
\n
\nIdade Recomendada: 3 a 12 anos
\n
\nDescrição: Brinquedo infantil sobre mola em formato de golfinho com a seguinte descrição: peça de plástico polietileno rotomoldado na cor azul, 320mm de largura total, 960mm de comprimento e 520mm de altura até o assento, em formato de motocicleta; mola feita com aço galvanizado a fogo com Ø20mm de diâmetro, revestido com pintura eletroestática, 400mm de altura e 200mm de largura; suporte âncora feito com aço galvanizado a fogo, para fixação da mola no brinquedo e para fixação da mola dentro ou sobre o concreto ou terra;
\n
\nImagem meramente ilustrativa!
\n
\n</div>
\n<div class=""product_meta""><span class=""posted_in"">CATEGORIA: <a href=""https://www.krenke.com.br/categoria-produto/brinquedos-avulsos/"" rel=""tag"">BRINQUEDOS AVULSOS</a></span><span class=""tagged_as"">TAGS: <a href=""https://www.krenke.com.br/produto-tag/brinquedos-avulsos/"" rel=""tag"">BRINQUEDOS AVULSOS</a>, <a href=""https://www.krenke.com.br/produto-tag/brinquedos-para-escolas/"" rel=""tag"">BRINQUEDOS PARA ESCOLAS</a>, <a href=""https://www.krenke.com.br/produto-tag/brinquedos-para-parquinhos/"" rel=""tag"">BRINQUEDOS PARA PARQUINHOS</a></span></div>",Brinquedos Avulsos
P-60A,"<h2 class=""product_title entry-title show-product-nav"">P-60A</h2>
\n<div class=""product-nav"">
\n<div class=""product-prev""></div>
\n<div class=""product-next""></div>
\n</div>
\n<div class=""description woocommerce-product-details__short-description"">
\n
\nNome: Balanço infantil.
\n
\nÁrea necessária: 4m x 3m.
\n
\nIdade Recomendada: 3 a 12 anos
\n
\nDescrição: O Balanço para Crianças P-60 A da Krenke Brinquedos é um balanço composto por uma estrutura de ferro tubular e uma travessa de tubo de metal galvanizado com 1 assento em plástico rotomoldado outro cadeirinha bebê. (assentos da escolha do cliente)
\n
\nImagem meramente ilustrativa!
\n
\n</div>
\n<div class=""product_meta""><span class=""posted_in"">CATEGORIA: <a href=""https://www.krenke.com.br/categoria-produto/brinquedos-avulsos/"" rel=""tag"">BRINQUEDOS AVULSOS</a></span><span class=""tagged_as"">TAGS: <a href=""https://www.krenke.com.br/produto-tag/brinquedos-avulsos/"" rel=""tag"">BRINQUEDOS AVULSOS</a>, <a href=""https://www.krenke.com.br/produto-tag/brinquedos-para-escolas/"" rel=""tag"">BRINQUEDOS PARA ESCOLAS</a>, <a href=""https://www.krenke.com.br/produto-tag/brinquedos-para-parquinhos/"" rel=""tag"">BRINQUEDOS PARA PARQUINHOS</a></span></div>",Brinquedos Avulsos
Piso Emborrachado 40mm,"<h2 class=""product_title entry-title show-product-nav"">Piso Emborrachado 40mm</h2>
\n<div class=""product-nav"">
\n<div class=""product-prev""></div>
\n<div class=""product-next""></div>
\n</div>
\n<div class=""description woocommerce-product-details__short-description"">
\n
\nNome: Piso Emborrachado 40mm [ Chapa de 1mx1m]
\n
\nCores VERDE E TERRA COTA
\n
\nDescrição: Piso Ecológico composto de grânulos de pneus de caminhão reciclado, Aglomerado e prensado, 100% pigmentada. Piso Permeável (drenante 7.4L/h) em múltiplas direções em toda sua dimensão. Possui bolsas de amortecimento de quedas. Não produz odor de borracha convencional. (Inodoro e atóxico). Placas de 1m x 1m com chanfros a cada 50 cm, Possui Certificação Nacional e internacional de acordo com as especificações da norma de segurança de Playgrounds NR 16071 para contemplar o índice crítico de quedas (HIC) necessário nas placas emborrachadas aplicadas em playground e espaços com equipamentos infantis. Não existe desagregação granular.
\nFácil instalação através de colagem lateral utilizando resina isocianato específica para instalação de piso de borracha em área externa com intempéries variáveis, impossibilitando assim a canoagem e espaçamento entre placas provocadas pelo trabalho da borracha (dilatação e contração) proveniente da resiliência de pisos de borracha em geral. Emulsionada, ambos com contensão nas laterais ou acabamentos ao redor da área em nível. Não utiliza pinos, grampos ou qualquer material rígido que afete a segurança e coeficiente de amortecimento da placa emborrachada, para manutenção lavar com agua e sabão neutro.
\n
\n</div>
\n<div class=""product_meta""><span class=""posted_in"">CATEGORIA: <a href=""https://www.krenke.com.br/categoria-produto/pisos-de-borracha/"" rel=""tag"">PISOS DE BORRACHA</a></span><span class=""tagged_as"">TAGS: <a href=""https://www.krenke.com.br/produto-tag/brinquedos-para-escolas/"" rel=""tag"">BRINQUEDOS PARA ESCOLAS</a>, <a href=""https://www.krenke.com.br/produto-tag/pisos-de-borracha/"" rel=""tag"">PISOS DE BORRACHA</a></span></div>",Pisos de Borracha
P-92,"<h2 class=""product_title entry-title show-product-nav"">P-92</h2>
\n<div class=""product-nav"">
\n<div class=""product-prev""></div>
\n<div class=""product-next""></div>
\n</div>
\n<div class=""description woocommerce-product-details__short-description"">
\n
\nNome: Banco de jardim P-92
\n
\nMedidas: 1,50m x 70cm.
\n
\nDescrição: O Banco de Aço para Jardins P-92 da Krenke é composto por uma estrutura de tubo de metal galvanizado com ripas de madeira plástica na cor semelhante da madeira.
\n
\nImagem meramente ilustrativa!
\n
\n</div>
\n<div class=""product_meta""><span class=""posted_in"">CATEGORIA: <a href=""https://www.krenke.com.br/categoria-produto/mobiliario-urbano-e-jardim/"" rel=""tag"">MOBILIÁRIO URBANO E JARDIM</a></span><span class=""tagged_as"">TAGS: <a href=""https://www.krenke.com.br/produto-tag/brinquedos-para-escolas/"" rel=""tag"">BRINQUEDOS PARA ESCOLAS</a>, <a href=""https://www.krenke.com.br/produto-tag/mobiliario-infantil/"" rel=""tag"">MOBILIÁRIO INFANTIL</a>, <a href=""https://www.krenke.com.br/produto-tag/mobiliario-urbano-e-jardim/"" rel=""tag"">MOBILIÁRIO URBANO E JARDIM</a></span></div>",Mobiliário Urbano e Jardim
P-92-A (COLORIDO),"<h2 class=""product_title entry-title show-product-nav"">P-92-A (COLORIDO)</h2>
\n<div class=""product-nav"">
\n<div class=""product-prev""></div>
\n<div class=""product-next""></div>
\n</div>
\n<div class=""description woocommerce-product-details__short-description"">
\n
\nNome: Banco de jardim P-92-A (MP)
\n
\nMedidas: 1,50m x 70cm.
\n
\nDescrição: O Banco de Aço para Jardins P-92-A da Krenke é um banco composto por pés com uma estrutura de tubo de metal galvanizado com ripas de madeira plástica COLORIDA.
\n
\nImagem meramente ilustrativa!
\n
\n</div>
\n<div class=""product_meta""><span class=""posted_in"">CATEGORIA: <a href=""https://www.krenke.com.br/categoria-produto/mobiliario-urbano-e-jardim/"" rel=""tag"">MOBILIÁRIO URBANO E JARDIM</a></span><span class=""tagged_as"">TAGS: <a href=""https://www.krenke.com.br/produto-tag/brinquedos-para-escolas/"" rel=""tag"">BRINQUEDOS PARA ESCOLAS</a>, <a href=""https://www.krenke.com.br/produto-tag/mobiliario-infantil/"" rel=""tag"">MOBILIÁRIO INFANTIL</a>, <a href=""https://www.krenke.com.br/produto-tag/mobiliario-urbano-e-jardim/"" rel=""tag"">MOBILIÁRIO URBANO E JARDIM</a></span></div>",Mobiliário Urbano e Jardim
B-102 (COLORIDO),"<h2 class=""product_title entry-title show-product-nav"">B-102 (COLORIDO)</h2>
\n<div class=""product-nav"">
\n<div class=""product-prev""></div>
\n<div class=""product-next""></div>
\n</div>
\n<div class=""description woocommerce-product-details__short-description"">
\n
\nNome: Banco de jardim em madeira plástica
\n
\nMedidas: 1,50m x 70cm.
\n
\nDescrição: O Banco para Jardim B-102 é composto por uma estrutura de polietileno com ripas de madeira plástica coloridas. Isto garante maior durabilidade e mantém um aspecto de produto novo e bem conservado por mais tempo, melhorando assim o custo benefício deste produto.
\n
\nImagem meramente ilustrativa!
\n
\n</div>
\n<div class=""product_meta""><span class=""posted_in"">CATEGORIA: <a href=""https://www.krenke.com.br/categoria-produto/mobiliario-urbano-e-jardim/"" rel=""tag"">MOBILIÁRIO URBANO E JARDIM</a></span><span class=""tagged_as"">TAGS: <a href=""https://www.krenke.com.br/produto-tag/brinquedos-para-escolas/"" rel=""tag"">BRINQUEDOS PARA ESCOLAS</a>, <a href=""https://www.krenke.com.br/produto-tag/mobiliario-infantil/"" rel=""tag"">MOBILIÁRIO INFANTIL</a></span></div>",Mobiliário Urbano e Jardim
B-102,"<h2 class=""product_title entry-title show-product-nav"">B- 102</h2>
\n<div class=""product-nav"">
\n<div class=""product-prev""></div>
\n<div class=""product-next""></div>
\n</div>
\n<div class=""description woocommerce-product-details__short-description"">
\n
\nNome: Banco de jardim em madeira plástica
\n
\n</div>
\nMedidas: 1,50m x 70cm.
\n
\nDescrição:
\nO Banco para Jardim B-102 é composto por uma estrutura de polietileno com ripas de madeira plástica na cor natural. Isto garante maior durabilidade e mantém um aspecto de produto novo e bem conservado por mais tempo, melhorando assim o custo benefício deste produto.
\n
\nImagem meramente ilustrativa!
\n<div class=""description woocommerce-product-details__short-description"">
\n
\n&nbsp;
\n
\n</div>
\n<div class=""product_meta""><span class=""posted_in"">CATEGORIA: <a href=""https://www.krenke.com.br/categoria-produto/pisos-de-borracha/"" rel=""tag"">PISOS DE BORRACHA</a></span><span class=""tagged_as"">TAGS: <a href=""https://www.krenke.com.br/produto-tag/brinquedos-para-escolas/"" rel=""tag"">BRINQUEDOS PARA ESCOLAS</a>, <a href=""https://www.krenke.com.br/produto-tag/pisos-de-borracha/"" rel=""tag"">PISOS DE BORRACHA</a></span></div>",Mobiliário Urbano e Jardim
Jogo de Xadrez Gigante,"<h2 class=""product_title entry-title show-product-nav"">Jogo de Xadrez Gigante</h2>
\n<div class=""product-nav"">
\n<div class=""product-prev""></div>
\n<div class=""product-next""></div>
\n</div>
\n<div class=""description woocommerce-product-details__short-description"">
\n
\nO Jogo de Xadrez Gigante da Krenke é formado por um conjunto de 32 peças em escala gigante com a figura do REI medindo 75 cm de altura e 33 cm de diâmetro na base (peça maior) e o PEÃO medindo 45 cm de altura (peça menor).
\n
\nFabricado em plástico atóxico com tratamento UV que permite ser usado em áreas externas expostas ao tempo garantindo maior durabilidade.
\n
\nOpções de cores: Amarelo, Azul, Branco, Preto, Verde e Vermelho.
\n
\nO tabuleiro é item opcional e as peças podem ser vendidas avulsas. Fornecemos peças de reposição.
\nRecomendado para crianças de 02 a 12 anos.
\n
\n</div>
\n<div class=""product_meta""><span class=""posted_in"">CATEGORIA: <a href=""https://www.krenke.com.br/categoria-produto/brinquedos-avulsos/"" rel=""tag"">BRINQUEDOS AVULSOS</a></span><span class=""tagged_as"">TAGS: <a href=""https://www.krenke.com.br/produto-tag/brinquedos-para-parques/"" rel=""tag"">BRINQUEDOS PARA PARQUES</a>, <a href=""https://www.krenke.com.br/produto-tag/brinquedos-para-parquinhos/"" rel=""tag"">BRINQUEDOS PARA PARQUINHOS</a>, <a href=""https://www.krenke.com.br/produto-tag/playground-infantil/"" rel=""tag"">PLAYGROUND INFANTIL</a>, <a href=""https://www.krenke.com.br/produto-tag/playgrounds-completos/"" rel=""tag"">PLAYGROUNDS COMPLETOS</a></span></div>",Brinquedos Avulsos
"Túnel Pet 3 Curvas de 90° Circuito Agility Krenke 3,08 m","O Túnel Pet com 3 Curvas do Circuito Agility Krenke é fabricado com materiais de alta qualidade e segurança.
\n
\nIsto faz com que este produto apresente um excelente custo benefício pois prioriza a integridade física do seu Pet.
\n
\nÉ muito divertido para seu Pet brincar neste Túnel.
\n
\nUm ótimo produto para seu Pet brincar e ao mesmo tempo estimular a atividade física e a convivência social.
\n
\nEsse produto apresenta ótima resistência aos intempéries climáticos, como os raios solares UV, evitando o desbotamento precoce das peças de polietileno coloridos por pigmentação.
\n
\nAs principais peças de plástico são fabricadas com polietileno rotomoldado com cantos arredondados e ótima resistência mecânica (dependendo do molde na fabricação a peça fica oca e consequentemente mais resistente).
\n
\nItens inclusos no produto:
\n
\n4 - Pilares de madeira plástica para altura da flange apoiada ao solo, com perfil de 11 cm X 11 cm com comprimento de 1,30 m, para 1,0 m acima do solo na cor marrom (fabricado com Madeira Plástica com um acabamento superficial para replicar madeira)
\n
\n4 - Acabamentos de ponta de coluna, na cor laranja ou verde pigmentado (fabricado com polietileno)
\n
\n2 - Flanges apoiadas ao solo, na cor amarela pigmentado (fabricado com polietileno)
\n
\n3 - Curva de 90° na cor azul pigmentado (fabricado com polietileno)
\n
\n1 - Kit de parafusos para montar o conjunto de peças (com acabamento de parafuso para evitar ferrugem e melhorar a aparência do produto )
\n
\nComposição da matéria prima:
\n
\n1-O produto é fabricado com materiais de alta qualidade atóxicos e recicláveis
\n
\n2- Polietileno pigmentado (colorido), com aditivo UV que garante a coloração original por mais tempo mesmo que exposto ao clima.
\n
\n4-Madeira Plástica (MP) é um material fabricado a partir da reciclagem de plásticos, que são processados, aglomerados e pigmentados.
\n
\nAo comprar a Madeira Plástica você também está ajudando a retirar o lixo da natureza de forma consciente e sustentável
\n
\nCaracterísticas e dimensões:
\n
\nPeso aproximado: 115 kg (varia segundo a configuração)
\n
\nAltura: 1,02 m do chão até a parte superior da flange (± 1 cm dependendo da montagem)
\n
\nLargura: 3,08 m (± 3 cm dependendo da montagem)
\n
\nComprimento: 3,08 m (± 3 cm dependendo da montagem)
\n
\nIdade recomendada (anos): sem restrição
\n
\nCores disponíveis: Colorido (cores segundo a descrição e imagens) ou natural (cor predominante verde musgo segundo imagens)
\n
\nÁrea necessária para o espaço de instalação de aproximadamente 3,08 m x 3,08 m = 9,5 m²
\n
\nGarantia:
\n
\n1 ano contra defeitos de fabricação
\n
\nOs produtos da Krenke são garantidos contra defeito de fabricação pelo prazo de 1 ano.
\n
\nTodo e qualquer dano causado nos produtos em consequência de mau uso e manuseio inadequado, é de responsabilidade do cliente.",Linha Pet
Salto Pet Agility,"<h2 class=""product_title entry-title show-product-nav"">Salto Pet Agility</h2>
\n<div class=""product-nav"">
\n<div class=""product-prev""></div>
\n<div class=""product-next""></div>
\n</div>
\n<div class=""description woocommerce-product-details__short-description"">
\n
\nNome: Salto Pet
\n
\nDescrição: Feito em plástico rotomoldado e madeira plástica o salto agility é utilizado para corrida e saltos de seu pet.
\n
\nFormado por arcos para saltos, são confeccionados para impactos e resistência ao uso de cachorros de médio e grande porte.
\nO Salto Agility pode ser distribuído com vários arcos formando um circuito.
\n
\nDisponível em 3 alturas.
\n
\nEste produto é indicado para ambientes internos e externos.
\n
\nImagem meramente ilustrativa!
\n
\n</div>
\n&nbsp;",Linha Pet
Play Pet Agility Krenke,"<h2 class=""product_title entry-title show-product-nav"">Play Pet Agility Krenke</h2>
\n<div class=""product-nav"">
\n<div class=""product-prev""></div>
\n<div class=""product-next""></div>
\n</div>
\n<div class=""description woocommerce-product-details__short-description"">
\n
\nNome: Play Pet
\n
\nDescrição: Mini playground desenhado para pets em circuito agility.
\nFeito em plástico rotomoldado, é super resistente e totalmente desenvolvido para cachorros de pequeno, médio e grande porte brincarem.
\n
\nO produto vêm com a configuração inicial de uma escada, plataforma e escorregador.
\n
\nEste produto é indicado para ambientes internos e externos.
\n
\nImagem meramente ilustrativa!
\n
\n</div>
\n&nbsp;",Linha Pet
P-93,"<h2 class=""product_title entry-title show-product-nav"">P-93</h2>
\n<div class=""product-nav"">
\n<div class=""product-prev""></div>
\n<div class=""product-next""></div>
\n</div>
\n<div class=""description woocommerce-product-details__short-description"">
\n
\nNome: Banco de jardim P-93
\n
\nMedidas: 2m x 47cm x 72cm.
\n
\nDescrição: O Banco de Aço para Jardins P-93 da Krenke é composto por uma estrutura de tubo de metal quadrado  galvanizado com ripas de madeira plástica na cor semelhante da madeira.
\n
\nImagem meramente ilustrativa!
\n
\n</div>
\n<div class=""product_meta""><span class=""posted_in"">CATEGORIA: <a href=""https://www.krenke.com.br/categoria-produto/mobiliario-urbano-e-jardim/"" rel=""tag"">MOBILIÁRIO URBANO E JARDIM</a></span><span class=""tagged_as"">TAGS: <a href=""https://www.krenke.com.br/produto-tag/brinquedos-para-escolas/"" rel=""tag"">BRINQUEDOS PARA ESCOLAS</a>, <a href=""https://www.krenke.com.br/produto-tag/mobiliario-infantil/"" rel=""tag"">MOBILIÁRIO INFANTIL</a>, <a href=""https://www.krenke.com.br/produto-tag/mobiliario-urbano-e-jardim/"" rel=""tag"">MOBILIÁRIO URBANO E JARDIM</a></span></div>",Mobiliário Urbano e Jardim
Balanço Acessível,"<h2 class=""product_title entry-title show-product-nav"">Balanço Acessível</h2>
\n<div class=""product-nav"">
\n<div class=""product-prev""></div>
\n<div class=""product-next""></div>
\n</div>
\n<div class=""description woocommerce-product-details__short-description"">
\n
\nÁrea necessária: 2m x 1,95m.
\n
\nDescrição: O Balanço acessível da Krenke Brinquedos é um balanço composto por uma estrutura de alumínio e uma travessa de tubo de metal galvanizado com chapa de alumínio e acabamento com for em rotomoldado.
\n
\nImagem meramente ilustrativa!
\n
\n</div>
\n<div class=""product_meta""><span class=""posted_in"">CATEGORIA: <a href=""https://www.krenke.com.br/categoria-produto/brinquedos-avulsos/"" rel=""tag"">BRINQUEDOS AVULSOS</a></span><span class=""tagged_as"">TAGS: <a href=""https://www.krenke.com.br/produto-tag/brinquedos-avulsos/"" rel=""tag"">BRINQUEDOS AVULSOS</a>, <a href=""https://www.krenke.com.br/produto-tag/brinquedos-para-escolas/"" rel=""tag"">BRINQUEDOS PARA ESCOLAS</a>, <a href=""https://www.krenke.com.br/produto-tag/brinquedos-para-parquinhos/"" rel=""tag"">BRINQUEDOS PARA PARQUINHOS</a></span></div>",Brinquedos Avulsos
LINHA TEMÁTICA,"<h2 class=""product_title entry-title show-product-nav"">LINHA TEMÁTICA</h2>
\n<div class=""description woocommerce-product-details__short-description"">
\n
\nÉ fabricando com materiais de alta qualidade, dentro normas da ABNT (NBR 16.071/21) de qualidade e segurança. Isto faz com que este Playground Infantil seja um produto de excelente custo benefício pois, além de durável devido a ótimos materiais empregados a ele, este mantém a integridade física da criança por atender normas de segurança. Recomendado para crianças de 03 a 12 anos.
\n<div class=""description woocommerce-product-details__short-description"">
\n<table style=""text-align: left; height: 573px;"" border=""1"" width=""549"" cellpadding=""10"">
\n<tbody>
\n<tr>
\n<th>Tamanho do Brinquedo</th>
\n<td>Consultar</td>
\n</tr>
\n<tr>
\n<th>Área Necessária C/ Circulação</th>
\n<td>Consultar</td>
\n</tr>
\n<tr>
\n<th>Cubagem</th>
\n<td>Consultar</td>
\n</tr>
\n<tr>
\n<th>Peso</th>
\n<td>Consultar</td>
\n</tr>
\n<tr>
\n<th>Altura da Torre</th>
\n<td>1,20m / 1,40m</td>
\n</tr>
\n<tr>
\n<th>Norma</th>
\n<td>NBR 16.071/21</td>
\n</tr>
\n<tr>
\n<th>Idade Recomendada</th>
\n<td>Para maiores de 03 Anos até 12 Anos</td>
\n</tr>
\n</tbody>
\n</table>
\n</div>
\n</div>",Playgrounds Completos
KLP 0101,"<h2 class=""product_title entry-title show-product-nav"">KLP 0101</h2>
\n<div class=""description woocommerce-product-details__short-description"">
\n
\nÉ fabricando com materiais de alta qualidade, dentro normas da ABNT (NBR 16.071/21) de qualidade e segurança. Isto faz com que este Playground Infantil seja um produto de excelente custo benefício pois, além de durável devido a ótimos materiais empregados a ele, este mantém a integridade física da criança por atender normas de segurança. Recomendado para crianças de 03 a 7 anos.
\n<div class=""description woocommerce-product-details__short-description"">
\n<table style=""text-align: left;"" border=""1"" cellpadding=""10"">
\n<tbody>
\n<tr>
\n<th>Tamanho do Brinquedo</th>
\n<td>3,17m x 1,98m</td>
\n</tr>
\n<tr>
\n<th>Área Necessária C/ Circulação</th>
\n<td>4 x 7 m = 28 m²</td>
\n</tr>
\n<tr>
\n<th>Cubagem</th>
\n<td>Consultar</td>
\n</tr>
\n<tr>
\n<th>Peso</th>
\n<td>Consultar</td>
\n</tr>
\n<tr>
\n<th>Altura da Torre</th>
\n<td>1,20m / 1,40m</td>
\n</tr>
\n<tr>
\n<th>Norma</th>
\n<td>NBR 16.071/21</td>
\n</tr>
\n<tr>
\n<th>Idade Recomendada</th>
\n<td>Para maiores de 03 Anos até 7 Anos</td>
\n</tr>
\n</tbody>
\n</table>
\n</div>
\n</div>",Little Play
KLP 0102,"<h2 class=""product_title entry-title show-product-nav"">KLP 0102</h2>
\n<div class=""description woocommerce-product-details__short-description"">
\n
\nÉ fabricando com materiais de alta qualidade, dentro normas da ABNT (NBR 16.071/21) de qualidade e segurança. Isto faz com que este Playground Infantil seja um produto de excelente custo benefício pois, além de durável devido a ótimos materiais empregados a ele, este mantém a integridade física da criança por atender normas de segurança. Recomendado para crianças de 03 a 7 anos.
\n<div class=""description woocommerce-product-details__short-description"">
\n<table style=""text-align: left;"" border=""1"" cellpadding=""10"">
\n<tbody>
\n<tr>
\n<th>Tamanho do Brinquedo</th>
\n<td>2,45m x 2,28m</td>
\n</tr>
\n<tr>
\n<th>Área Necessária C/ Circulação</th>
\n<td>4,28 x  6,45m = 27,60 m²</td>
\n</tr>
\n<tr>
\n<th>Cubagem</th>
\n<td>Consultar</td>
\n</tr>
\n<tr>
\n<th>Peso</th>
\n<td>Consultar</td>
\n</tr>
\n<tr>
\n<th>Altura da Torre</th>
\n<td>1,20m / 1,40m</td>
\n</tr>
\n<tr>
\n<th>Norma</th>
\n<td>NBR 16.071/21</td>
\n</tr>
\n<tr>
\n<th>Idade Recomendada</th>
\n<td>Para maiores de 03 Anos até 7 Anos</td>
\n</tr>
\n</tbody>
\n</table>
\n</div>
\n</div>",Little Play
KLP 0201,"<h2 class=""product_title entry-title show-product-nav"">KLP 0201</h2>
\n<div class=""description woocommerce-product-details__short-description"">
\n
\nÉ fabricando com materiais de alta qualidade, dentro normas da ABNT (NBR 16.071/21) de qualidade e segurança. Isto faz com que este Playground Infantil seja um produto de excelente custo benefício pois, além de durável devido a ótimos materiais empregados a ele, este mantém a integridade física da criança por atender normas de segurança. Recomendado para crianças de 03 a 7 anos.
\n<div class=""description woocommerce-product-details__short-description"">
\n<table style=""text-align: left;"" border=""1"" cellpadding=""10"">
\n<tbody>
\n<tr>
\n<th>Tamanho do Brinquedo</th>
\n<td>3,97m x 3,36m</td>
\n</tr>
\n<tr>
\n<th>Área Necessária C/ Circulação</th>
\n<td>5,97 x  m 7,30 = 43,58m²</td>
\n</tr>
\n<tr>
\n<th>Cubagem</th>
\n<td>Consultar</td>
\n</tr>
\n<tr>
\n<th>Peso</th>
\n<td>Consultar</td>
\n</tr>
\n<tr>
\n<th>Altura da Torre</th>
\n<td>1,20m / 1,40m</td>
\n</tr>
\n<tr>
\n<th>Norma</th>
\n<td>NBR 16.071/21</td>
\n</tr>
\n<tr>
\n<th>Idade Recomendada</th>
\n<td>Para maiores de 03 Anos até 7 Anos</td>
\n</tr>
\n</tbody>
\n</table>
\n</div>
\n</div>",Little Play
KLP 0202,"<h2 class=""product_title entry-title show-product-nav"">KLP 0202</h2>
\n<div class=""description woocommerce-product-details__short-description"">
\n
\nÉ fabricando com materiais de alta qualidade, dentro normas da ABNT (NBR 16.071/21) de qualidade e segurança. Isto faz com que este Playground Infantil seja um produto de excelente custo benefício pois, além de durável devido a ótimos materiais empregados a ele, este mantém a integridade física da criança por atender normas de segurança. Recomendado para crianças de 03 a 7 anos.
\n<div class=""description woocommerce-product-details__short-description"">
\n<table style=""text-align: left;"" border=""1"" cellpadding=""10"">
\n<tbody>
\n<tr>
\n<th>Tamanho do Brinquedo</th>
\n<td>3,91m x 3,36m</td>
\n</tr>
\n<tr>
\n<th>Área Necessária C/ Circulação</th>
\n<td>5,91 x  m 7,30 = 43,14m²</td>
\n</tr>
\n<tr>
\n<th>Cubagem</th>
\n<td>Consultar</td>
\n</tr>
\n<tr>
\n<th>Peso</th>
\n<td>Consultar</td>
\n</tr>
\n<tr>
\n<th>Altura da Torre</th>
\n<td>1,20m / 1,40m</td>
\n</tr>
\n<tr>
\n<th>Norma</th>
\n<td>NBR 16.071/21</td>
\n</tr>
\n<tr>
\n<th>Idade Recomendada</th>
\n<td>Para maiores de 03 Anos até 7 Anos</td>
\n</tr>
\n</tbody>
\n</table>
\n</div>
\n</div>",Little Play
KLP 0204,"<h2 class=""product_title entry-title show-product-nav"">KLP 0204</h2>
\n<div class=""description woocommerce-product-details__short-description"">
\n
\nÉ fabricando com materiais de alta qualidade, dentro normas da ABNT (NBR 16.071/21) de qualidade e segurança. Isto faz com que este Playground Infantil seja um produto de excelente custo benefício pois, além de durável devido a ótimos materiais empregados a ele, este mantém a integridade física da criança por atender normas de segurança. Recomendado para crianças de 03 a 7 anos.
\n<div class=""description woocommerce-product-details__short-description"">
\n<table style=""text-align: left;"" border=""1"" cellpadding=""10"">
\n<tbody>
\n<tr>
\n<th>Tamanho do Brinquedo</th>
\n<td>5,11m x 3,36m</td>
\n</tr>
\n<tr>
\n<th>Área Necessária C/ Circulação</th>
\n<td>8,11 x  m 7,30 = 59,20m²</td>
\n</tr>
\n<tr>
\n<th>Cubagem</th>
\n<td>Consultar</td>
\n</tr>
\n<tr>
\n<th>Peso</th>
\n<td>Consultar</td>
\n</tr>
\n<tr>
\n<th>Altura da Torre</th>
\n<td>1,20m / 1,40m</td>
\n</tr>
\n<tr>
\n<th>Norma</th>
\n<td>NBR 16.071/21</td>
\n</tr>
\n<tr>
\n<th>Idade Recomendada</th>
\n<td>Para maiores de 03 Anos até 7 Anos</td>
\n</tr>
\n</tbody>
\n</table>
\n</div>
\n</div>",Little Play